geoLocatieLabel,rijksmonumentnummer,geoLocatie,image,beschrijving,rijksmonument,item,eventStartYear,itemlabel
"<h4>Rijksmonumentnummer: GeenVan Gogh Museum</h4><img src=""http://commons.wikimedia.org/wiki/Special:FilePath/WLANL%20-%20Minke%20Wagenaar%20-%20Van%20Gogh%20Museum%20Amsterdam%20159.jpg""; style=""max-width:100px"">
        <ul>
        <li>Verbouwingsjaar: 1973</li>
<li>Wikinummer: <a href=""http://www.wikidata.org/entity/Q224124"" target=""_blank"">http://www.wikidata.org/entity/Q224124</a></li>
  </ul>",,POINT(4.881076 52.358416),http://commons.wikimedia.org/wiki/Special:FilePath/WLANL%20-%20Minke%20Wagenaar%20-%20Van%20Gogh%20Museum%20Amsterdam%20159.jpg,,,http://www.wikidata.org/entity/Q224124,1973,Van Gogh Museum
"<h4>Rijksmonumentnummer: GeenVan Gogh Museum</h4><img src=""http://commons.wikimedia.org/wiki/Special:FilePath/Van%20Gogh%20Museum.jpg""; style=""max-width:100px"">
        <ul>
        <li>Verbouwingsjaar: 1973</li>
<li>Wikinummer: <a href=""http://www.wikidata.org/entity/Q224124"" target=""_blank"">http://www.wikidata.org/entity/Q224124</a></li>
  </ul>",,POINT(4.881076 52.358416),http://commons.wikimedia.org/wiki/Special:FilePath/Van%20Gogh%20Museum.jpg,,,http://www.wikidata.org/entity/Q224124,1973,Van Gogh Museum
"<h4>Rijksmonumentnummer: GeenVan Gogh Museum</h4><img src=""http://commons.wikimedia.org/wiki/Special:FilePath/Treppenhaus%20Van%20Gogh%20Museum.jpg""; style=""max-width:100px"">
        <ul>
        <li>Verbouwingsjaar: 1973</li>
<li>Wikinummer: <a href=""http://www.wikidata.org/entity/Q224124"" target=""_blank"">http://www.wikidata.org/entity/Q224124</a></li>
  </ul>",,POINT(4.881076 52.358416),http://commons.wikimedia.org/wiki/Special:FilePath/Treppenhaus%20Van%20Gogh%20Museum.jpg,,,http://www.wikidata.org/entity/Q224124,1973,Van Gogh Museum
"<h4>Rijksmonumentnummer: GeenVan Gogh Museum</h4><img src=""http://commons.wikimedia.org/wiki/Special:FilePath/WLANL%20-%20Minke%20Wagenaar%20-%20Van%20Gogh%20Museum%20Amsterdam%20159.jpg""; style=""max-width:100px"">
        <ul>
        <li>Verbouwingsjaar: 1973</li>
<li>Wikinummer: <a href=""http://www.wikidata.org/entity/Q224124"" target=""_blank"">http://www.wikidata.org/entity/Q224124</a></li>
  </ul>",,POINT(4.881111111 52.358333333),http://commons.wikimedia.org/wiki/Special:FilePath/WLANL%20-%20Minke%20Wagenaar%20-%20Van%20Gogh%20Museum%20Amsterdam%20159.jpg,,,http://www.wikidata.org/entity/Q224124,1973,Van Gogh Museum
"<h4>Rijksmonumentnummer: GeenVan Gogh Museum</h4><img src=""http://commons.wikimedia.org/wiki/Special:FilePath/Van%20Gogh%20Museum.jpg""; style=""max-width:100px"">
        <ul>
        <li>Verbouwingsjaar: 1973</li>
<li>Wikinummer: <a href=""http://www.wikidata.org/entity/Q224124"" target=""_blank"">http://www.wikidata.org/entity/Q224124</a></li>
  </ul>",,POINT(4.881111111 52.358333333),http://commons.wikimedia.org/wiki/Special:FilePath/Van%20Gogh%20Museum.jpg,,,http://www.wikidata.org/entity/Q224124,1973,Van Gogh Museum
"<h4>Rijksmonumentnummer: GeenVan Gogh Museum</h4><img src=""http://commons.wikimedia.org/wiki/Special:FilePath/Treppenhaus%20Van%20Gogh%20Museum.jpg""; style=""max-width:100px"">
        <ul>
        <li>Verbouwingsjaar: 1973</li>
<li>Wikinummer: <a href=""http://www.wikidata.org/entity/Q224124"" target=""_blank"">http://www.wikidata.org/entity/Q224124</a></li>
  </ul>",,POINT(4.881111111 52.358333333),http://commons.wikimedia.org/wiki/Special:FilePath/Treppenhaus%20Van%20Gogh%20Museum.jpg,,,http://www.wikidata.org/entity/Q224124,1973,Van Gogh Museum
"<h4>Rijksmonumentnummer: 18329Rietveld Schröderhuis</h4><img src=""http://commons.wikimedia.org/wiki/Special:FilePath/Rietveld-SchroderhuisUtrechttheNetherlands.jpg""; style=""max-width:100px"">
        <ul>
        <li>Verbouwingsjaar: 1954</li>
<li>Wikinummer: <a href=""http://www.wikidata.org/entity/Q914231"" target=""_blank"">http://www.wikidata.org/entity/Q914231</a></li>
  </ul>",18329,POINT(5.147597 52.085333),http://commons.wikimedia.org/wiki/Special:FilePath/Rietveld-SchroderhuisUtrechttheNetherlands.jpg,,,http://www.wikidata.org/entity/Q914231,1954,Rietveld Schröderhuis
"<h4>Rijksmonumentnummer: 18329Rietveld Schröderhuis</h4><img src=""http://commons.wikimedia.org/wiki/Special:FilePath/Rietveld%20Schr%C3%B6derhuis%20HayKranen-20.JPG""; style=""max-width:100px"">
        <ul>
        <li>Verbouwingsjaar: 1954</li>
<li>Wikinummer: <a href=""http://www.wikidata.org/entity/Q914231"" target=""_blank"">http://www.wikidata.org/entity/Q914231</a></li>
  </ul>",18329,POINT(5.147597 52.085333),http://commons.wikimedia.org/wiki/Special:FilePath/Rietveld%20Schr%C3%B6derhuis%20HayKranen-20.JPG,,,http://www.wikidata.org/entity/Q914231,1954,Rietveld Schröderhuis
"<h4>Rijksmonumentnummer: GeenGerrit Rietveld Academie</h4><img src=""http://commons.wikimedia.org/wiki/Special:FilePath/Rietveldacademie.jpg""; style=""max-width:100px"">
        <ul>
        <li>Verbouwingsjaar: 1967</li>
<li>Wikinummer: <a href=""http://www.wikidata.org/entity/Q1514799"" target=""_blank"">http://www.wikidata.org/entity/Q1514799</a></li>
  </ul>",,POINT(4.86 52.3413),http://commons.wikimedia.org/wiki/Special:FilePath/Rietveldacademie.jpg,,,http://www.wikidata.org/entity/Q1514799,1967,Gerrit Rietveld Academie
"<h4>Rijksmonumentnummer: GeenRietveldwoningen aan de Erasmuslaan</h4><img src=""http://commons.wikimedia.org/wiki/Special:FilePath/Appartentenblok%20naast%20Rietveld-Schroderhuis.jpg""; style=""max-width:100px"">
        <ul>
        <li>Verbouwingsjaar: 1931</li>
<li>Wikinummer: <a href=""http://www.wikidata.org/entity/Q28163099"" target=""_blank"">http://www.wikidata.org/entity/Q28163099</a></li>
  </ul>",,POINT(5.148578 52.08515),http://commons.wikimedia.org/wiki/Special:FilePath/Appartentenblok%20naast%20Rietveld-Schroderhuis.jpg,,,http://www.wikidata.org/entity/Q28163099,1931,Rietveldwoningen aan de Erasmuslaan
"<h4>Rijksmonumentnummer: GeenRietveldgebouw</h4><img src=""http://commons.wikimedia.org/wiki/Special:FilePath/Van%20Gogh%20Museum%20-%20panoramio%20%281%29.jpg""; style=""max-width:100px"">
        <ul>
        <li>Verbouwingsjaar: 1973</li>
<li>Wikinummer: <a href=""http://www.wikidata.org/entity/Q42296997"" target=""_blank"">http://www.wikidata.org/entity/Q42296997</a></li>
  </ul>",,POINT(4.88107 52.35837),http://commons.wikimedia.org/wiki/Special:FilePath/Van%20Gogh%20Museum%20-%20panoramio%20%281%29.jpg,,,http://www.wikidata.org/entity/Q42296997,1973,Rietveldgebouw
"<h4>Rijksmonumentnummer: GeenDe Hoeksteen</h4><img src=""http://commons.wikimedia.org/wiki/Special:FilePath/0451-U01-Arienslaan1-voor-rechterkant.JPG""; style=""max-width:100px"">
        <ul>
        <li>Verbouwingsjaar: 1965</li>
<li>Wikinummer: <a href=""http://www.wikidata.org/entity/Q47260921"" target=""_blank"">http://www.wikidata.org/entity/Q47260921</a></li>
  </ul>",,POINT(4.826264 52.244828),http://commons.wikimedia.org/wiki/Special:FilePath/0451-U01-Arienslaan1-voor-rechterkant.JPG,,,http://www.wikidata.org/entity/Q47260921,1965,De Hoeksteen
"<h4>Rijksmonumentnummer: 18329Rietveld Schröderhuis</h4><img src=""http://commons.wikimedia.org/wiki/Special:FilePath/Rietveld-SchroderhuisUtrechttheNetherlands.jpg""; style=""max-width:100px"">
        <ul>
        <li>Verbouwingsjaar: 1924</li>
<li>Wikinummer: <a href=""http://www.wikidata.org/entity/Q914231"" target=""_blank"">http://www.wikidata.org/entity/Q914231</a></li>
  </ul>",18329,POINT(5.147597 52.085333),http://commons.wikimedia.org/wiki/Special:FilePath/Rietveld-SchroderhuisUtrechttheNetherlands.jpg,,,http://www.wikidata.org/entity/Q914231,1924,Rietveld Schröderhuis
"<h4>Rijksmonumentnummer: 18329Rietveld Schröderhuis</h4><img src=""http://commons.wikimedia.org/wiki/Special:FilePath/Rietveld%20Schr%C3%B6derhuis%20HayKranen-20.JPG""; style=""max-width:100px"">
        <ul>
        <li>Verbouwingsjaar: 1924</li>
<li>Wikinummer: <a href=""http://www.wikidata.org/entity/Q914231"" target=""_blank"">http://www.wikidata.org/entity/Q914231</a></li>
  </ul>",18329,POINT(5.147597 52.085333),http://commons.wikimedia.org/wiki/Special:FilePath/Rietveld%20Schr%C3%B6derhuis%20HayKranen-20.JPG,,,http://www.wikidata.org/entity/Q914231,1924,Rietveld Schröderhuis
"<h4>Rijksmonumentnummer: GeenGerrit Rietveld Academie</h4><img src=""http://commons.wikimedia.org/wiki/Special:FilePath/Rietveldacademie.jpg""; style=""max-width:100px"">
        <ul>
        <li>Verbouwingsjaar: 1924</li>
<li>Wikinummer: <a href=""http://www.wikidata.org/entity/Q1514799"" target=""_blank"">http://www.wikidata.org/entity/Q1514799</a></li>
  </ul>",,POINT(4.86 52.3413),http://commons.wikimedia.org/wiki/Special:FilePath/Rietveldacademie.jpg,,,http://www.wikidata.org/entity/Q1514799,1924,Gerrit Rietveld Academie
"<h4>Rijksmonumentnummer: GeenRietveld vakantiehuisje</h4><img src=""http://commons.wikimedia.org/wiki/Special:FilePath/WLANL%20-%20Jorg%20--%20-%20Vakantiehuisje%20Rietveld%2C%20Camping%20Hessenheem%2C%20Markelo%2C%201951.jpg""; style=""max-width:100px"">
        <ul>
        <li>Verbouwingsjaar: 1951</li>
<li>Wikinummer: <a href=""http://www.wikidata.org/entity/Q1847482"" target=""_blank"">http://www.wikidata.org/entity/Q1847482</a></li>
  </ul>",,,http://commons.wikimedia.org/wiki/Special:FilePath/WLANL%20-%20Jorg%20--%20-%20Vakantiehuisje%20Rietveld%2C%20Camping%20Hessenheem%2C%20Markelo%2C%201951.jpg,,,http://www.wikidata.org/entity/Q1847482,1951,Rietveld vakantiehuisje
"<h4>Rijksmonumentnummer: 526817Villa Johanna</h4><img src=""http://commons.wikimedia.org/wiki/Special:FilePath/Johanna.Nieuwegein.jpg""; style=""max-width:100px"">
        <ul>
        <li>Verbouwingsjaar: 1929</li>
<li>Wikinummer: <a href=""http://www.wikidata.org/entity/Q2273004"" target=""_blank"">http://www.wikidata.org/entity/Q2273004</a></li>
  </ul>",526817,POINT(5.097842 52.041553),http://commons.wikimedia.org/wiki/Special:FilePath/Johanna.Nieuwegein.jpg,,,http://www.wikidata.org/entity/Q2273004,1929,Villa Johanna
"<h4>Rijksmonumentnummer: GeenJaarbeurs Utrecht</h4><img src=""http://commons.wikimedia.org/wiki/Special:FilePath/Ingang%20Oost%20jaarbeurs%20Utrecht.jpg""; style=""max-width:100px"">
        <ul>
        <li>Verbouwingsjaar: 1953</li>
<li>Wikinummer: <a href=""http://www.wikidata.org/entity/Q2692856"" target=""_blank"">http://www.wikidata.org/entity/Q2692856</a></li>
  </ul>",,POINT(5.105 52.085),http://commons.wikimedia.org/wiki/Special:FilePath/Ingang%20Oost%20jaarbeurs%20Utrecht.jpg,,,http://www.wikidata.org/entity/Q2692856,1953,Jaarbeurs Utrecht
"<h4>Rijksmonumentnummer: 332570Villa Hildebrand</h4><img src=""http://commons.wikimedia.org/wiki/Special:FilePath/Voorgevel%20-%20Blaricum%20-%2020035308%20-%20RCE.jpg""; style=""max-width:100px"">
        <ul>
        <li>Verbouwingsjaar: 1935</li>
<li>Wikinummer: <a href=""http://www.wikidata.org/entity/Q2727254"" target=""_blank"">http://www.wikidata.org/entity/Q2727254</a></li>
  </ul>",332570,POINT(5.23485 52.27737),http://commons.wikimedia.org/wiki/Special:FilePath/Voorgevel%20-%20Blaricum%20-%2020035308%20-%20RCE.jpg,,,http://www.wikidata.org/entity/Q2727254,1935,Villa Hildebrand
"<h4>Rijksmonumentnummer: 332570Villa Hildebrand</h4><img src=""http://commons.wikimedia.org/wiki/Special:FilePath/Voor-%20en%20zijgevel%20-%20Blaricum%20-%2020035309%20-%20RCE.jpg""; style=""max-width:100px"">
        <ul>
        <li>Verbouwingsjaar: 1935</li>
<li>Wikinummer: <a href=""http://www.wikidata.org/entity/Q2727254"" target=""_blank"">http://www.wikidata.org/entity/Q2727254</a></li>
  </ul>",332570,POINT(5.23485 52.27737),http://commons.wikimedia.org/wiki/Special:FilePath/Voor-%20en%20zijgevel%20-%20Blaricum%20-%2020035309%20-%20RCE.jpg,,,http://www.wikidata.org/entity/Q2727254,1935,Villa Hildebrand
"<h4>Rijksmonumentnummer: 532131Kantoor van Schrale's Beton</h4><img src=""http://commons.wikimedia.org/wiki/Special:FilePath/Econ-10-kantoor-zwolle.jpg""; style=""max-width:100px"">
        <ul>
        <li>Verbouwingsjaar: 1960</li>
<li>Wikinummer: <a href=""http://www.wikidata.org/entity/Q14942050"" target=""_blank"">http://www.wikidata.org/entity/Q14942050</a></li>
  </ul>",532131,,http://commons.wikimedia.org/wiki/Special:FilePath/Econ-10-kantoor-zwolle.jpg,,,http://www.wikidata.org/entity/Q14942050,1960,Kantoor van Schrale's Beton
"<h4>Rijksmonumentnummer: 532131Kantoor van Schrale's Beton</h4><img src=""http://commons.wikimedia.org/wiki/Special:FilePath/Econ-10-kantoor-zwolle.jpg""; style=""max-width:100px"">
        <ul>
        <li>Verbouwingsjaar: 1963</li>
<li>Wikinummer: <a href=""http://www.wikidata.org/entity/Q14942050"" target=""_blank"">http://www.wikidata.org/entity/Q14942050</a></li>
  </ul>",532131,,http://commons.wikimedia.org/wiki/Special:FilePath/Econ-10-kantoor-zwolle.jpg,,,http://www.wikidata.org/entity/Q14942050,1963,Kantoor van Schrale's Beton
"<h4>Rijksmonumentnummer: 530922Huis Visser (Bergeijk)</h4><img src=""http://commons.wikimedia.org/wiki/Special:FilePath/Overzicht%20-%20Bergeijk%20-%2020396824%20-%20RCE.jpg""; style=""max-width:100px"">
        <ul>
        <li>Verbouwingsjaar: 1956</li>
<li>Wikinummer: <a href=""http://www.wikidata.org/entity/Q15132490"" target=""_blank"">http://www.wikidata.org/entity/Q15132490</a></li>
  </ul>",530922,POINT(5.356348 51.32657),http://commons.wikimedia.org/wiki/Special:FilePath/Overzicht%20-%20Bergeijk%20-%2020396824%20-%20RCE.jpg,,,http://www.wikidata.org/entity/Q15132490,1956,Huis Visser (Bergeijk)
"<h4>Rijksmonumentnummer: GeenRietveldpaviljoen De Zonnehof</h4><img src=""http://commons.wikimedia.org/wiki/Special:FilePath/Amersfoort-Zonnehof-Rietveld-07.JPG""; style=""max-width:100px"">
        <ul>
        <li>Verbouwingsjaar: 1959</li>
<li>Wikinummer: <a href=""http://www.wikidata.org/entity/Q15962410"" target=""_blank"">http://www.wikidata.org/entity/Q15962410</a></li>
  </ul>",,POINT(5.38389 52.1519),http://commons.wikimedia.org/wiki/Special:FilePath/Amersfoort-Zonnehof-Rietveld-07.JPG,,,http://www.wikidata.org/entity/Q15962410,1959,Rietveldpaviljoen De Zonnehof
"<h4>Rijksmonumentnummer: 527848Gebouw van de Rijksacademie voor Beeldende Kunsten</h4><img src=""http://commons.wikimedia.org/wiki/Special:FilePath/Stadhouderskade-86-1a.jpg""; style=""max-width:100px"">
        <ul>
        <li>Verbouwingsjaar: 1954</li>
<li>Wikinummer: <a href=""http://www.wikidata.org/entity/Q17292451"" target=""_blank"">http://www.wikidata.org/entity/Q17292451</a></li>
  </ul>",527848,POINT(4.894683 52.357684),http://commons.wikimedia.org/wiki/Special:FilePath/Stadhouderskade-86-1a.jpg,,,http://www.wikidata.org/entity/Q17292451,1954,Gebouw van de Rijksacademie voor Beeldende Kunsten
"<h4>Rijksmonumentnummer: 527848Gebouw van de Rijksacademie voor Beeldende Kunsten</h4><img src=""http://commons.wikimedia.org/wiki/Special:FilePath/Interieur%2C%20detail%20gebrandschilderd%20glas-in-loodraam%20-%20Amsterdam%20-%2020367393%20-%20RCE.jpg""; style=""max-width:100px"">
        <ul>
        <li>Verbouwingsjaar: 1954</li>
<li>Wikinummer: <a href=""http://www.wikidata.org/entity/Q17292451"" target=""_blank"">http://www.wikidata.org/entity/Q17292451</a></li>
  </ul>",527848,POINT(4.894683 52.357684),http://commons.wikimedia.org/wiki/Special:FilePath/Interieur%2C%20detail%20gebrandschilderd%20glas-in-loodraam%20-%20Amsterdam%20-%2020367393%20-%20RCE.jpg,,,http://www.wikidata.org/entity/Q17292451,1954,Gebouw van de Rijksacademie voor Beeldende Kunsten
"<h4>Rijksmonumentnummer: 408905Keizersgracht 455</h4><img src=""http://commons.wikimedia.org/wiki/Special:FilePath/Amsterdam%20Keizersgracht%200455%20001.JPG""; style=""max-width:100px"">
        <ul>
        <li>Verbouwingsjaar: 1933</li>
<li>Wikinummer: <a href=""http://www.wikidata.org/entity/Q17298505"" target=""_blank"">http://www.wikidata.org/entity/Q17298505</a></li>
  </ul>",408905,POINT(4.88658 52.36621),http://commons.wikimedia.org/wiki/Special:FilePath/Amsterdam%20Keizersgracht%200455%20001.JPG,,,http://www.wikidata.org/entity/Q17298505,1933,Keizersgracht 455
"<h4>Rijksmonumentnummer: 334732Huis Hillebrand</h4><img src=""http://commons.wikimedia.org/wiki/Special:FilePath/Huis%20Hillebrand%20juli%202021.jpg""; style=""max-width:100px"">
        <ul>
        <li>Verbouwingsjaar: 1935</li>
<li>Wikinummer: <a href=""http://www.wikidata.org/entity/Q17440478"" target=""_blank"">http://www.wikidata.org/entity/Q17440478</a></li>
  </ul>",334732,POINT(4.32379 52.10284),http://commons.wikimedia.org/wiki/Special:FilePath/Huis%20Hillebrand%20juli%202021.jpg,,,http://www.wikidata.org/entity/Q17440478,1935,Huis Hillebrand
"<h4>Rijksmonumentnummer: 334732Huis Hillebrand</h4><img src=""http://commons.wikimedia.org/wiki/Special:FilePath/Huis%20Hillebrandt%20-%20Van%20Soutelandelaan%2042%2C%20The%20Hague.JPG""; style=""max-width:100px"">
        <ul>
        <li>Verbouwingsjaar: 1935</li>
<li>Wikinummer: <a href=""http://www.wikidata.org/entity/Q17440478"" target=""_blank"">http://www.wikidata.org/entity/Q17440478</a></li>
  </ul>",334732,POINT(4.32379 52.10284),http://commons.wikimedia.org/wiki/Special:FilePath/Huis%20Hillebrandt%20-%20Van%20Soutelandelaan%2042%2C%20The%20Hague.JPG,,,http://www.wikidata.org/entity/Q17440478,1935,Huis Hillebrand
"<h4>Rijksmonumentnummer: 335152Huis Mees</h4><img src=""http://commons.wikimedia.org/wiki/Special:FilePath/Huis%20Mees%20-%20Van%20Ouwenlaan%2042%2C%20The%20Hague.JPG""; style=""max-width:100px"">
        <ul>
        <li>Verbouwingsjaar: 1934</li>
<li>Wikinummer: <a href=""http://www.wikidata.org/entity/Q17440530"" target=""_blank"">http://www.wikidata.org/entity/Q17440530</a></li>
  </ul>",335152,POINT(4.32475 52.10164),http://commons.wikimedia.org/wiki/Special:FilePath/Huis%20Mees%20-%20Van%20Ouwenlaan%2042%2C%20The%20Hague.JPG,,,http://www.wikidata.org/entity/Q17440530,1934,Huis Mees
"<h4>Rijksmonumentnummer: 337877Blok van oorspronkelijk vier woningen</h4><img src=""http://commons.wikimedia.org/wiki/Special:FilePath/Utrecht%20-%20Erasmuslaan%203A%20-%20Foto%202.jpg""; style=""max-width:100px"">
        <ul>
        <li>Verbouwingsjaar: 1934</li>
<li>Wikinummer: <a href=""http://www.wikidata.org/entity/Q17440834"" target=""_blank"">http://www.wikidata.org/entity/Q17440834</a></li>
  </ul>",337877,POINT(5.14847 52.08505),http://commons.wikimedia.org/wiki/Special:FilePath/Utrecht%20-%20Erasmuslaan%203A%20-%20Foto%202.jpg,,,http://www.wikidata.org/entity/Q17440834,1934,Blok van oorspronkelijk vier woningen
"<h4>Rijksmonumentnummer: 337877Blok van oorspronkelijk vier woningen</h4><img src=""http://commons.wikimedia.org/wiki/Special:FilePath/Rietveld%20Erasmuslaan.JPG""; style=""max-width:100px"">
        <ul>
        <li>Verbouwingsjaar: 1934</li>
<li>Wikinummer: <a href=""http://www.wikidata.org/entity/Q17440834"" target=""_blank"">http://www.wikidata.org/entity/Q17440834</a></li>
  </ul>",337877,POINT(5.14847 52.08505),http://commons.wikimedia.org/wiki/Special:FilePath/Rietveld%20Erasmuslaan.JPG,,,http://www.wikidata.org/entity/Q17440834,1934,Blok van oorspronkelijk vier woningen
"<h4>Rijksmonumentnummer: 514419Blok van oorspronkelijk vier woningen</h4><img src=""http://commons.wikimedia.org/wiki/Special:FilePath/Utrecht%20-%20Erasmuslaan%203A%20-%20Foto%202.jpg""; style=""max-width:100px"">
        <ul>
        <li>Verbouwingsjaar: 1934</li>
<li>Wikinummer: <a href=""http://www.wikidata.org/entity/Q17440834"" target=""_blank"">http://www.wikidata.org/entity/Q17440834</a></li>
  </ul>",514419,POINT(5.14847 52.08505),http://commons.wikimedia.org/wiki/Special:FilePath/Utrecht%20-%20Erasmuslaan%203A%20-%20Foto%202.jpg,,,http://www.wikidata.org/entity/Q17440834,1934,Blok van oorspronkelijk vier woningen
"<h4>Rijksmonumentnummer: 514419Blok van oorspronkelijk vier woningen</h4><img src=""http://commons.wikimedia.org/wiki/Special:FilePath/Rietveld%20Erasmuslaan.JPG""; style=""max-width:100px"">
        <ul>
        <li>Verbouwingsjaar: 1934</li>
<li>Wikinummer: <a href=""http://www.wikidata.org/entity/Q17440834"" target=""_blank"">http://www.wikidata.org/entity/Q17440834</a></li>
  </ul>",514419,POINT(5.14847 52.08505),http://commons.wikimedia.org/wiki/Special:FilePath/Rietveld%20Erasmuslaan.JPG,,,http://www.wikidata.org/entity/Q17440834,1934,Blok van oorspronkelijk vier woningen
"<h4>Rijksmonumentnummer: 451863De Braamakker</h4><img src=""{{image}}""; style=""max-width:100px"">
        <ul>
        <li>Verbouwingsjaar: 1940</li>
<li>Wikinummer: <a href=""http://www.wikidata.org/entity/Q17453329"" target=""_blank"">http://www.wikidata.org/entity/Q17453329</a></li>
  </ul>",451863,POINT(5.03636 52.17847),,,,http://www.wikidata.org/entity/Q17453329,1940,De Braamakker
"<h4>Rijksmonumentnummer: 46549Rapsodie</h4><img src=""http://commons.wikimedia.org/wiki/Special:FilePath/Rapsodie%2C%20J.%20Verhulstweg%2070.JPG""; style=""max-width:100px"">
        <ul>
        <li>Verbouwingsjaar: 1934</li>
<li>Wikinummer: <a href=""http://www.wikidata.org/entity/Q17454934"" target=""_blank"">http://www.wikidata.org/entity/Q17454934</a></li>
  </ul>",46549,POINT(4.62479 52.41773),http://commons.wikimedia.org/wiki/Special:FilePath/Rapsodie%2C%20J.%20Verhulstweg%2070.JPG,,,http://www.wikidata.org/entity/Q17454934,1934,Rapsodie
"<h4>Rijksmonumentnummer: 46554In baksteen opgetrokken, witgepleisterd, vrijstaande, vlak gedekt woonhuis</h4><img src=""http://commons.wikimedia.org/wiki/Special:FilePath/Montenspark%206.jpg""; style=""max-width:100px"">
        <ul>
        <li>Verbouwingsjaar: 1932</li>
<li>Wikinummer: <a href=""http://www.wikidata.org/entity/Q17454937"" target=""_blank"">http://www.wikidata.org/entity/Q17454937</a></li>
  </ul>",46554,POINT(4.7678 51.56691),http://commons.wikimedia.org/wiki/Special:FilePath/Montenspark%206.jpg,,,http://www.wikidata.org/entity/Q17454937,1932,"In baksteen opgetrokken, witgepleisterd, vrijstaande, vlak gedekt woonhuis"
"<h4>Rijksmonumentnummer: 46956Blok van vier woningen</h4><img src=""http://commons.wikimedia.org/wiki/Special:FilePath/Utrecht%2C%20Robert%20Schumannstraat%2013%2C%2046956-2.JPG""; style=""max-width:100px"">
        <ul>
        <li>Verbouwingsjaar: 1932</li>
<li>Wikinummer: <a href=""http://www.wikidata.org/entity/Q17455642"" target=""_blank"">http://www.wikidata.org/entity/Q17455642</a></li>
  </ul>",46956,POINT(5.0881 52.08449),http://commons.wikimedia.org/wiki/Special:FilePath/Utrecht%2C%20Robert%20Schumannstraat%2013%2C%2046956-2.JPG,,,http://www.wikidata.org/entity/Q17455642,1932,Blok van vier woningen
"<h4>Rijksmonumentnummer: 46957Vrijstaande garage</h4><img src=""http://commons.wikimedia.org/wiki/Special:FilePath/Rechter%20zij-%20en%20voorgevel%20-%20Utrecht%20-%2020237162%20-%20RCE.jpg""; style=""max-width:100px"">
        <ul>
        <li>Verbouwingsjaar: 1928</li>
<li>Wikinummer: <a href=""http://www.wikidata.org/entity/Q17455644"" target=""_blank"">http://www.wikidata.org/entity/Q17455644</a></li>
  </ul>",46957,POINT(5.13943 52.0845),http://commons.wikimedia.org/wiki/Special:FilePath/Rechter%20zij-%20en%20voorgevel%20-%20Utrecht%20-%2020237162%20-%20RCE.jpg,,,http://www.wikidata.org/entity/Q17455644,1928,Vrijstaande garage
"<h4>Rijksmonumentnummer: 46957Vrijstaande garage</h4><img src=""http://commons.wikimedia.org/wiki/Special:FilePath/Rijksmonument-46957-20111002120539.jpg""; style=""max-width:100px"">
        <ul>
        <li>Verbouwingsjaar: 1928</li>
<li>Wikinummer: <a href=""http://www.wikidata.org/entity/Q17455644"" target=""_blank"">http://www.wikidata.org/entity/Q17455644</a></li>
  </ul>",46957,POINT(5.13943 52.0845),http://commons.wikimedia.org/wiki/Special:FilePath/Rijksmonument-46957-20111002120539.jpg,,,http://www.wikidata.org/entity/Q17455644,1928,Vrijstaande garage
"<h4>Rijksmonumentnummer: 46958Blok van vier herenhuizen</h4><img src=""http://commons.wikimedia.org/wiki/Special:FilePath/Utrecht%20-%20Erasmuslaan%205%20-%20Foto%204.jpg""; style=""max-width:100px"">
        <ul>
        <li>Verbouwingsjaar: 1930</li>
<li>Wikinummer: <a href=""http://www.wikidata.org/entity/Q17455645"" target=""_blank"">http://www.wikidata.org/entity/Q17455645</a></li>
  </ul>",46958,POINT(5.14871 52.08525),http://commons.wikimedia.org/wiki/Special:FilePath/Utrecht%20-%20Erasmuslaan%205%20-%20Foto%204.jpg,,,http://www.wikidata.org/entity/Q17455645,1930,Blok van vier herenhuizen
"<h4>Rijksmonumentnummer: 508757Villa Hoog Zand</h4><img src=""http://commons.wikimedia.org/wiki/Special:FilePath/Doorn%20-%20Villa%20Hoog%20Zand%20RM508757.jpg""; style=""max-width:100px"">
        <ul>
        <li>Verbouwingsjaar: 1939</li>
<li>Wikinummer: <a href=""http://www.wikidata.org/entity/Q17459632"" target=""_blank"">http://www.wikidata.org/entity/Q17459632</a></li>
  </ul>",508757,POINT(5.36911 52.03616),http://commons.wikimedia.org/wiki/Special:FilePath/Doorn%20-%20Villa%20Hoog%20Zand%20RM508757.jpg,,,http://www.wikidata.org/entity/Q17459632,1939,Villa Hoog Zand
"<h4>Rijksmonumentnummer: 510001Zomerhuis volgens de principes van het Nieuwe Bouwen voor de familie van dr. J.C. Brandt Corstius</h4><img src=""http://commons.wikimedia.org/wiki/Special:FilePath/Korfwaterweg%209%20Petten%201981.jpg""; style=""max-width:100px"">
        <ul>
        <li>Verbouwingsjaar: 1939</li>
<li>Wikinummer: <a href=""http://www.wikidata.org/entity/Q17460484"" target=""_blank"">http://www.wikidata.org/entity/Q17460484</a></li>
  </ul>",510001,POINT(4.66638 52.77527),http://commons.wikimedia.org/wiki/Special:FilePath/Korfwaterweg%209%20Petten%201981.jpg,,,http://www.wikidata.org/entity/Q17460484,1939,Zomerhuis volgens de principes van het Nieuwe Bouwen voor de familie van dr. J.C. Brandt Corstius
"<h4>Rijksmonumentnummer: 514238Woonhuis</h4><img src=""http://commons.wikimedia.org/wiki/Special:FilePath/Oudkerkhof%2027.JPG""; style=""max-width:100px"">
        <ul>
        <li>Verbouwingsjaar: 1919</li>
<li>Wikinummer: <a href=""http://www.wikidata.org/entity/Q17466277"" target=""_blank"">http://www.wikidata.org/entity/Q17466277</a></li>
  </ul>",514238,POINT(5.12133 52.09175),http://commons.wikimedia.org/wiki/Special:FilePath/Oudkerkhof%2027.JPG,,,http://www.wikidata.org/entity/Q17466277,1919,Woonhuis
"<h4>Rijksmonumentnummer: 516159Woonhuis</h4><img src=""http://commons.wikimedia.org/wiki/Special:FilePath/RM516159%20Kinderdijk.jpg""; style=""max-width:100px"">
        <ul>
        <li>Verbouwingsjaar: 1954</li>
<li>Wikinummer: <a href=""http://www.wikidata.org/entity/Q17591193"" target=""_blank"">http://www.wikidata.org/entity/Q17591193</a></li>
  </ul>",516159,POINT(4.62269 51.8877),http://commons.wikimedia.org/wiki/Special:FilePath/RM516159%20Kinderdijk.jpg,,,http://www.wikidata.org/entity/Q17591193,1954,Woonhuis
"<h4>Rijksmonumentnummer: 517567In 't Groen / De Kleine Weise</h4><img src=""{{image}}""; style=""max-width:100px"">
        <ul>
        <li>Verbouwingsjaar: 1929</li>
<li>Wikinummer: <a href=""http://www.wikidata.org/entity/Q17594304"" target=""_blank"">http://www.wikidata.org/entity/Q17594304</a></li>
  </ul>",517567,POINT(5.15239 52.12403),,,,http://www.wikidata.org/entity/Q17594304,1929,In 't Groen / De Kleine Weise
"<h4>Rijksmonumentnummer: 519617Slot Zuylen, poortgebouw</h4><img src=""http://commons.wikimedia.org/wiki/Special:FilePath/Rijksmonument519617.JPG""; style=""max-width:100px"">
        <ul>
        <li>Verbouwingsjaar: 1906</li>
<li>Wikinummer: <a href=""http://www.wikidata.org/entity/Q17596176"" target=""_blank"">http://www.wikidata.org/entity/Q17596176</a></li>
  </ul>",519617,POINT(5.07312 52.12712),http://commons.wikimedia.org/wiki/Special:FilePath/Rijksmonument519617.JPG,,,http://www.wikidata.org/entity/Q17596176,1906,"Slot Zuylen, poortgebouw"
"<h4>Rijksmonumentnummer: 531184fabrieksgebouw Weverij De Ploeg</h4><img src=""http://commons.wikimedia.org/wiki/Special:FilePath/Overzicht%20van%20het%20fabriekscomplex%20met%20gebogen%20sheddaken-constructie%20-%20Bergeijk%20-%2020396793%20-%20RCE.jpg""; style=""max-width:100px"">
        <ul>
        <li>Verbouwingsjaar: 1954</li>
<li>Wikinummer: <a href=""http://www.wikidata.org/entity/Q17610625"" target=""_blank"">http://www.wikidata.org/entity/Q17610625</a></li>
  </ul>",531184,POINT(5.363048 51.326701),http://commons.wikimedia.org/wiki/Special:FilePath/Overzicht%20van%20het%20fabriekscomplex%20met%20gebogen%20sheddaken-constructie%20-%20Bergeijk%20-%2020396793%20-%20RCE.jpg,,,http://www.wikidata.org/entity/Q17610625,1954,fabrieksgebouw Weverij De Ploeg
"<h4>Rijksmonumentnummer: 531183complex Weverij De Ploeg</h4><img src=""http://commons.wikimedia.org/wiki/Special:FilePath/Overzicht%20van%20het%20fabriekscomplex%20met%20gebogen%20sheddaken-constructie%20-%20Bergeijk%20-%2020396798%20-%20RCE.jpg""; style=""max-width:100px"">
        <ul>
        <li>Verbouwingsjaar: 1958</li>
<li>Wikinummer: <a href=""http://www.wikidata.org/entity/Q18775919"" target=""_blank"">http://www.wikidata.org/entity/Q18775919</a></li>
  </ul>",531183,POINT(5.364509 51.327536),http://commons.wikimedia.org/wiki/Special:FilePath/Overzicht%20van%20het%20fabriekscomplex%20met%20gebogen%20sheddaken-constructie%20-%20Bergeijk%20-%2020396798%20-%20RCE.jpg,,,http://www.wikidata.org/entity/Q18775919,1958,complex Weverij De Ploeg
"<h4>Rijksmonumentnummer: 532251Woonhuis Van den Doel</h4><img src=""http://commons.wikimedia.org/wiki/Special:FilePath/Monnickendammerrijweg%2031C%2C%20Ilpendam%2001.jpg""; style=""max-width:100px"">
        <ul>
        <li>Verbouwingsjaar: 1959</li>
<li>Wikinummer: <a href=""http://www.wikidata.org/entity/Q18813380"" target=""_blank"">http://www.wikidata.org/entity/Q18813380</a></li>
  </ul>",532251,POINT(4.95561 52.4595),http://commons.wikimedia.org/wiki/Special:FilePath/Monnickendammerrijweg%2031C%2C%20Ilpendam%2001.jpg,,,http://www.wikidata.org/entity/Q18813380,1959,Woonhuis Van den Doel
"<h4>Rijksmonumentnummer: 532251Woonhuis Van den Doel</h4><img src=""http://commons.wikimedia.org/wiki/Special:FilePath/Monnickendammerrijweg%2031C%2C%20Ilpendam%2001.jpg""; style=""max-width:100px"">
        <ul>
        <li>Verbouwingsjaar: 1960</li>
<li>Wikinummer: <a href=""http://www.wikidata.org/entity/Q18813380"" target=""_blank"">http://www.wikidata.org/entity/Q18813380</a></li>
  </ul>",532251,POINT(4.95561 52.4595),http://commons.wikimedia.org/wiki/Special:FilePath/Monnickendammerrijweg%2031C%2C%20Ilpendam%2001.jpg,,,http://www.wikidata.org/entity/Q18813380,1960,Woonhuis Van den Doel
"<h4>Rijksmonumentnummer: 532208Academie voor Beeldende Kunst</h4><img src=""http://commons.wikimedia.org/wiki/Special:FilePath/The%20renovated%20originally%20Gerrit%20Rietveld%20designed%201957%20very%20modern%20glass%20facade%20building%20along%20the%20Rhine%20river%20Arnhem%20-%20panoramio.jpg""; style=""max-width:100px"">
        <ul>
        <li>Verbouwingsjaar: 1961</li>
<li>Wikinummer: <a href=""http://www.wikidata.org/entity/Q18813845"" target=""_blank"">http://www.wikidata.org/entity/Q18813845</a></li>
  </ul>",532208,POINT(5.894722222 51.98375),http://commons.wikimedia.org/wiki/Special:FilePath/The%20renovated%20originally%20Gerrit%20Rietveld%20designed%201957%20very%20modern%20glass%20facade%20building%20along%20the%20Rhine%20river%20Arnhem%20-%20panoramio.jpg,,,http://www.wikidata.org/entity/Q18813845,1961,Academie voor Beeldende Kunst
"<h4>Rijksmonumentnummer: 532208Academie voor Beeldende Kunst</h4><img src=""http://commons.wikimedia.org/wiki/Special:FilePath/The%20renovated%20originally%20Gerrit%20Rietveld%20designed%201957%20very%20modern%20glass%20facade%20building%20along%20the%20Rhine%20river%20Arnhem%20-%20panoramio.jpg""; style=""max-width:100px"">
        <ul>
        <li>Verbouwingsjaar: 1963</li>
<li>Wikinummer: <a href=""http://www.wikidata.org/entity/Q18813845"" target=""_blank"">http://www.wikidata.org/entity/Q18813845</a></li>
  </ul>",532208,POINT(5.894722222 51.98375),http://commons.wikimedia.org/wiki/Special:FilePath/The%20renovated%20originally%20Gerrit%20Rietveld%20designed%201957%20very%20modern%20glass%20facade%20building%20along%20the%20Rhine%20river%20Arnhem%20-%20panoramio.jpg,,,http://www.wikidata.org/entity/Q18813845,1963,Academie voor Beeldende Kunst
"<h4>Rijksmonumentnummer: 532208Academie voor Beeldende Kunst</h4><img src=""http://commons.wikimedia.org/wiki/Special:FilePath/Arnhem%20ArtEZ%20Hogeschool%20voor%20de%20Kunsten%20in%20spring%2C%20with%20right%20the%20underground%20pavilion%20-%20panoramio.jpg""; style=""max-width:100px"">
        <ul>
        <li>Verbouwingsjaar: 1961</li>
<li>Wikinummer: <a href=""http://www.wikidata.org/entity/Q18813845"" target=""_blank"">http://www.wikidata.org/entity/Q18813845</a></li>
  </ul>",532208,POINT(5.894722222 51.98375),http://commons.wikimedia.org/wiki/Special:FilePath/Arnhem%20ArtEZ%20Hogeschool%20voor%20de%20Kunsten%20in%20spring%2C%20with%20right%20the%20underground%20pavilion%20-%20panoramio.jpg,,,http://www.wikidata.org/entity/Q18813845,1961,Academie voor Beeldende Kunst
"<h4>Rijksmonumentnummer: 532208Academie voor Beeldende Kunst</h4><img src=""http://commons.wikimedia.org/wiki/Special:FilePath/Arnhem%20ArtEZ%20Hogeschool%20voor%20de%20Kunsten%20in%20spring%2C%20with%20right%20the%20underground%20pavilion%20-%20panoramio.jpg""; style=""max-width:100px"">
        <ul>
        <li>Verbouwingsjaar: 1963</li>
<li>Wikinummer: <a href=""http://www.wikidata.org/entity/Q18813845"" target=""_blank"">http://www.wikidata.org/entity/Q18813845</a></li>
  </ul>",532208,POINT(5.894722222 51.98375),http://commons.wikimedia.org/wiki/Special:FilePath/Arnhem%20ArtEZ%20Hogeschool%20voor%20de%20Kunsten%20in%20spring%2C%20with%20right%20the%20underground%20pavilion%20-%20panoramio.jpg,,,http://www.wikidata.org/entity/Q18813845,1963,Academie voor Beeldende Kunst
"<h4>Rijksmonumentnummer: 532208Academie voor Beeldende Kunst</h4><img src=""http://commons.wikimedia.org/wiki/Special:FilePath/Hogeschool%20Arnhem%20mei%202007.jpg""; style=""max-width:100px"">
        <ul>
        <li>Verbouwingsjaar: 1961</li>
<li>Wikinummer: <a href=""http://www.wikidata.org/entity/Q18813845"" target=""_blank"">http://www.wikidata.org/entity/Q18813845</a></li>
  </ul>",532208,POINT(5.894722222 51.98375),http://commons.wikimedia.org/wiki/Special:FilePath/Hogeschool%20Arnhem%20mei%202007.jpg,,,http://www.wikidata.org/entity/Q18813845,1961,Academie voor Beeldende Kunst
"<h4>Rijksmonumentnummer: 532208Academie voor Beeldende Kunst</h4><img src=""http://commons.wikimedia.org/wiki/Special:FilePath/Hogeschool%20Arnhem%20mei%202007.jpg""; style=""max-width:100px"">
        <ul>
        <li>Verbouwingsjaar: 1963</li>
<li>Wikinummer: <a href=""http://www.wikidata.org/entity/Q18813845"" target=""_blank"">http://www.wikidata.org/entity/Q18813845</a></li>
  </ul>",532208,POINT(5.894722222 51.98375),http://commons.wikimedia.org/wiki/Special:FilePath/Hogeschool%20Arnhem%20mei%202007.jpg,,,http://www.wikidata.org/entity/Q18813845,1963,Academie voor Beeldende Kunst
"<h4>Rijksmonumentnummer: 530873Atelierwoning Slegers</h4><img src=""http://commons.wikimedia.org/wiki/Special:FilePath/Overzicht%20van%20de%20voorgevel%20en%20rechter%20zijgevel%2C%20met%20kunstwerk%20op%20de%20voorgrond%20-%20Velp%20-%2020423133%20-%20RCE.jpg""; style=""max-width:100px"">
        <ul>
        <li>Verbouwingsjaar: 1952</li>
<li>Wikinummer: <a href=""http://www.wikidata.org/entity/Q18813898"" target=""_blank"">http://www.wikidata.org/entity/Q18813898</a></li>
  </ul>",530873,POINT(5.98194 52.00814),http://commons.wikimedia.org/wiki/Special:FilePath/Overzicht%20van%20de%20voorgevel%20en%20rechter%20zijgevel%2C%20met%20kunstwerk%20op%20de%20voorgrond%20-%20Velp%20-%2020423133%20-%20RCE.jpg,,,http://www.wikidata.org/entity/Q18813898,1952,Atelierwoning Slegers
"<h4>Rijksmonumentnummer: 532196Villa Van Slobbe</h4><img src=""{{image}}""; style=""max-width:100px"">
        <ul>
        <li>Verbouwingsjaar: 1964</li>
<li>Wikinummer: <a href=""http://www.wikidata.org/entity/Q18813903"" target=""_blank"">http://www.wikidata.org/entity/Q18813903</a></li>
  </ul>",532196,POINT(5.99139 50.86985),,,,http://www.wikidata.org/entity/Q18813903,1964,Villa Van Slobbe
"<h4>Rijksmonumentnummer: GeenBioscoop Vreeburg</h4><img src=""http://commons.wikimedia.org/wiki/Special:FilePath/Bioscoop%20Vreeburg%20te%20Utrecht.JPG""; style=""max-width:100px"">
        <ul>
        <li>Verbouwingsjaar: 1908</li>
<li>Wikinummer: <a href=""http://www.wikidata.org/entity/Q19832755"" target=""_blank"">http://www.wikidata.org/entity/Q19832755</a></li>
  </ul>",,,http://commons.wikimedia.org/wiki/Special:FilePath/Bioscoop%20Vreeburg%20te%20Utrecht.JPG,,,http://www.wikidata.org/entity/Q19832755,1908,Bioscoop Vreeburg
"<h4>Rijksmonumentnummer: GeenG.Th. Rietveldschool</h4><img src=""http://commons.wikimedia.org/wiki/Special:FilePath/G.%20Th.%20Rietveldschool%2C%20Edisonstraat%203%2C%20Badhoevedorp.jpg""; style=""max-width:100px"">
        <ul>
        <li>Verbouwingsjaar: 1963</li>
<li>Wikinummer: <a href=""http://www.wikidata.org/entity/Q22754885"" target=""_blank"">http://www.wikidata.org/entity/Q22754885</a></li>
  </ul>",,POINT(4.775098323 52.341499328),http://commons.wikimedia.org/wiki/Special:FilePath/G.%20Th.%20Rietveldschool%2C%20Edisonstraat%203%2C%20Badhoevedorp.jpg,,,http://www.wikidata.org/entity/Q22754885,1963,G.Th. Rietveldschool
"<h4>Rijksmonumentnummer: GeenRietveldpaviljoen</h4><img src=""http://commons.wikimedia.org/wiki/Special:FilePath/Rietveld%20Paviljoen.JPG""; style=""max-width:100px"">
        <ul>
        <li>Verbouwingsjaar: 1954</li>
<li>Wikinummer: <a href=""http://www.wikidata.org/entity/Q29642218"" target=""_blank"">http://www.wikidata.org/entity/Q29642218</a></li>
  </ul>",,POINT(5.818997 52.096634),http://commons.wikimedia.org/wiki/Special:FilePath/Rietveld%20Paviljoen.JPG,,,http://www.wikidata.org/entity/Q29642218,1954,Rietveldpaviljoen
"<h4>Rijksmonumentnummer: GeenRietveldpaviljoen</h4><img src=""http://commons.wikimedia.org/wiki/Special:FilePath/Overzicht%20galerij%20aan%20de%20achter%20zijde%20en%20rechterzijde%20-%20Otterlo%20-%2020357472%20-%20RCE.jpg""; style=""max-width:100px"">
        <ul>
        <li>Verbouwingsjaar: 1954</li>
<li>Wikinummer: <a href=""http://www.wikidata.org/entity/Q29642218"" target=""_blank"">http://www.wikidata.org/entity/Q29642218</a></li>
  </ul>",,POINT(5.818997 52.096634),http://commons.wikimedia.org/wiki/Special:FilePath/Overzicht%20galerij%20aan%20de%20achter%20zijde%20en%20rechterzijde%20-%20Otterlo%20-%2020357472%20-%20RCE.jpg,,,http://www.wikidata.org/entity/Q29642218,1954,Rietveldpaviljoen
"<h4>Rijksmonumentnummer: GeenVan der Boechorststraat 26</h4><img src=""http://commons.wikimedia.org/wiki/Special:FilePath/Amsterdam%2C%20Van%20der%20Boechorststraat%2026%20%281%29.jpg""; style=""max-width:100px"">
        <ul>
        <li>Verbouwingsjaar: 1967</li>
<li>Wikinummer: <a href=""http://www.wikidata.org/entity/Q47232310"" target=""_blank"">http://www.wikidata.org/entity/Q47232310</a></li>
  </ul>",,POINT(4.861314 52.331889),http://commons.wikimedia.org/wiki/Special:FilePath/Amsterdam%2C%20Van%20der%20Boechorststraat%2026%20%281%29.jpg,,,http://www.wikidata.org/entity/Q47232310,1967,Van der Boechorststraat 26
"<h4>Rijksmonumentnummer: GeenAula Begraafplaats Haarlemmermeer</h4><img src=""http://commons.wikimedia.org/wiki/Special:FilePath/Aula%20van%20Rietveld.jpg""; style=""max-width:100px"">
        <ul>
        <li>Verbouwingsjaar: 1966</li>
<li>Wikinummer: <a href=""http://www.wikidata.org/entity/Q50924689"" target=""_blank"">http://www.wikidata.org/entity/Q50924689</a></li>
  </ul>",,POINT(4.620666666 52.314944444),http://commons.wikimedia.org/wiki/Special:FilePath/Aula%20van%20Rietveld.jpg,,,http://www.wikidata.org/entity/Q50924689,1966,Aula Begraafplaats Haarlemmermeer
"<h4>Rijksmonumentnummer: GeenRietveld vakantiehuisje</h4><img src=""http://commons.wikimedia.org/wiki/Special:FilePath/Netherlands%20Open%20Air%20Museum%20-%202020-10-31%20-%20Rietveld%20Holiday%20Cottage%2C%20Markelo%2004%20-%20Interior.jpg""; style=""max-width:100px"">
        <ul>
        <li>Verbouwingsjaar: 1951</li>
<li>Wikinummer: <a href=""http://www.wikidata.org/entity/Q58674400"" target=""_blank"">http://www.wikidata.org/entity/Q58674400</a></li>
  </ul>",,,http://commons.wikimedia.org/wiki/Special:FilePath/Netherlands%20Open%20Air%20Museum%20-%202020-10-31%20-%20Rietveld%20Holiday%20Cottage%2C%20Markelo%2004%20-%20Interior.jpg,,,http://www.wikidata.org/entity/Q58674400,1951,Rietveld vakantiehuisje
"<h4>Rijksmonumentnummer: GeenRietveld vakantiehuisje</h4><img src=""http://commons.wikimedia.org/wiki/Special:FilePath/Vakantiehuisje%20gerrit%20rietveld-1.jpg""; style=""max-width:100px"">
        <ul>
        <li>Verbouwingsjaar: 1951</li>
<li>Wikinummer: <a href=""http://www.wikidata.org/entity/Q58674400"" target=""_blank"">http://www.wikidata.org/entity/Q58674400</a></li>
  </ul>",,,http://commons.wikimedia.org/wiki/Special:FilePath/Vakantiehuisje%20gerrit%20rietveld-1.jpg,,,http://www.wikidata.org/entity/Q58674400,1951,Rietveld vakantiehuisje
"<h4>Rijksmonumentnummer: GeenRietveld vakantiehuisje</h4><img src=""http://commons.wikimedia.org/wiki/Special:FilePath/Netherlands%20Open%20Air%20Museum%20-%202020-10-31%20-%20Rietveld%20Holiday%20Cottage%2C%20Markelo%2006%20-%20Interior.jpg""; style=""max-width:100px"">
        <ul>
        <li>Verbouwingsjaar: 1951</li>
<li>Wikinummer: <a href=""http://www.wikidata.org/entity/Q58674400"" target=""_blank"">http://www.wikidata.org/entity/Q58674400</a></li>
  </ul>",,,http://commons.wikimedia.org/wiki/Special:FilePath/Netherlands%20Open%20Air%20Museum%20-%202020-10-31%20-%20Rietveld%20Holiday%20Cottage%2C%20Markelo%2006%20-%20Interior.jpg,,,http://www.wikidata.org/entity/Q58674400,1951,Rietveld vakantiehuisje
"<h4>Rijksmonumentnummer: GeenRietveld vakantiehuisje</h4><img src=""http://commons.wikimedia.org/wiki/Special:FilePath/090823090823vakantiehuisje4.jpg""; style=""max-width:100px"">
        <ul>
        <li>Verbouwingsjaar: 1951</li>
<li>Wikinummer: <a href=""http://www.wikidata.org/entity/Q58674400"" target=""_blank"">http://www.wikidata.org/entity/Q58674400</a></li>
  </ul>",,,http://commons.wikimedia.org/wiki/Special:FilePath/090823090823vakantiehuisje4.jpg,,,http://www.wikidata.org/entity/Q58674400,1951,Rietveld vakantiehuisje
"<h4>Rijksmonumentnummer: GeenRietveld vakantiehuisje</h4><img src=""http://commons.wikimedia.org/wiki/Special:FilePath/Vakantiehuisje%20gerrit%20rietveld-3.jpg""; style=""max-width:100px"">
        <ul>
        <li>Verbouwingsjaar: 1951</li>
<li>Wikinummer: <a href=""http://www.wikidata.org/entity/Q58674400"" target=""_blank"">http://www.wikidata.org/entity/Q58674400</a></li>
  </ul>",,,http://commons.wikimedia.org/wiki/Special:FilePath/Vakantiehuisje%20gerrit%20rietveld-3.jpg,,,http://www.wikidata.org/entity/Q58674400,1951,Rietveld vakantiehuisje
"<h4>Rijksmonumentnummer: GeenRietveld vakantiehuisje</h4><img src=""http://commons.wikimedia.org/wiki/Special:FilePath/WLANL%20-%20Jorg%20--%20-%20Vakantiehuisje%20Rietveld%2C%20Camping%20Hessenheem%2C%20Markelo%2C%201951.jpg""; style=""max-width:100px"">
        <ul>
        <li>Verbouwingsjaar: 1951</li>
<li>Wikinummer: <a href=""http://www.wikidata.org/entity/Q58674400"" target=""_blank"">http://www.wikidata.org/entity/Q58674400</a></li>
  </ul>",,,http://commons.wikimedia.org/wiki/Special:FilePath/WLANL%20-%20Jorg%20--%20-%20Vakantiehuisje%20Rietveld%2C%20Camping%20Hessenheem%2C%20Markelo%2C%201951.jpg,,,http://www.wikidata.org/entity/Q58674400,1951,Rietveld vakantiehuisje
"<h4>Rijksmonumentnummer: GeenRietveldpaviljoen</h4><img src=""http://commons.wikimedia.org/wiki/Special:FilePath/Pavillon%20national%20des%20Pays-Bas%20%28Biennale%20darchitecture%2C%20Venise%29%20%288132714428%29.jpg""; style=""max-width:100px"">
        <ul>
        <li>Verbouwingsjaar: 1953</li>
<li>Wikinummer: <a href=""http://www.wikidata.org/entity/Q63769545"" target=""_blank"">http://www.wikidata.org/entity/Q63769545</a></li>
  </ul>",,POINT(12.3586 45.4289),http://commons.wikimedia.org/wiki/Special:FilePath/Pavillon%20national%20des%20Pays-Bas%20%28Biennale%20darchitecture%2C%20Venise%29%20%288132714428%29.jpg,,,http://www.wikidata.org/entity/Q63769545,1953,Rietveldpaviljoen
"<h4>Rijksmonumentnummer: GeenRietveldpaviljoen</h4><img src=""http://commons.wikimedia.org/wiki/Special:FilePath/Le%20pavillon%20national%20des%20Pays-Bas%20%28Biennale%20de%20Venise%202019%29%20%2848105010111%29.jpg""; style=""max-width:100px"">
        <ul>
        <li>Verbouwingsjaar: 1953</li>
<li>Wikinummer: <a href=""http://www.wikidata.org/entity/Q63769545"" target=""_blank"">http://www.wikidata.org/entity/Q63769545</a></li>
  </ul>",,POINT(12.3586 45.4289),http://commons.wikimedia.org/wiki/Special:FilePath/Le%20pavillon%20national%20des%20Pays-Bas%20%28Biennale%20de%20Venise%202019%29%20%2848105010111%29.jpg,,,http://www.wikidata.org/entity/Q63769545,1953,Rietveldpaviljoen
"<h4>Rijksmonumentnummer: GeenMuziekschool Zeist</h4><img src=""http://commons.wikimedia.org/wiki/Special:FilePath/Overzicht%20gevel%20van%20de%20muziekschool%2C%20ontworpen%20door%20G.%20Rietveld%20in%201932%20-%20Zeist%20-%2020428913%20-%20RCE.jpg""; style=""max-width:100px"">
        <ul>
        <li>Verbouwingsjaar: 1931</li>
<li>Wikinummer: <a href=""http://www.wikidata.org/entity/Q123262850"" target=""_blank"">http://www.wikidata.org/entity/Q123262850</a></li>
  </ul>",,POINT(5.235566666 52.08335),http://commons.wikimedia.org/wiki/Special:FilePath/Overzicht%20gevel%20van%20de%20muziekschool%2C%20ontworpen%20door%20G.%20Rietveld%20in%201932%20-%20Zeist%20-%2020428913%20-%20RCE.jpg,,,http://www.wikidata.org/entity/Q123262850,1931,Muziekschool Zeist
"<h4>Rijksmonumentnummer: Geenzomerhuis Lanjouw</h4><img src=""{{image}}""; style=""max-width:100px"">
        <ul>
        <li>Verbouwingsjaar: 1940</li>
<li>Wikinummer: <a href=""http://www.wikidata.org/entity/Q123262902"" target=""_blank"">http://www.wikidata.org/entity/Q123262902</a></li>
  </ul>",,,,,,http://www.wikidata.org/entity/Q123262902,1940,zomerhuis Lanjouw
"<h4>Rijksmonumentnummer: GeenJulianahal Jaarbeurs</h4><img src=""{{image}}""; style=""max-width:100px"">
        <ul>
        <li>Verbouwingsjaar: 1953</li>
<li>Wikinummer: <a href=""http://www.wikidata.org/entity/Q123267605"" target=""_blank"">http://www.wikidata.org/entity/Q123267605</a></li>
  </ul>",,POINT(5.105 52.085),,,,http://www.wikidata.org/entity/Q123267605,1953,Julianahal Jaarbeurs
"<h4>Rijksmonumentnummer: GeenWoonhuis in Krimpen aan de Lek</h4><img src=""http://commons.wikimedia.org/wiki/Special:FilePath/Krimpen%20aan%20de%20Lek%2011%20KRW%20GM%20Rijsdijk%2022%20Woning%2031032020.jpg""; style=""max-width:100px"">
        <ul>
        <li>Verbouwingsjaar: 1939</li>
<li>Wikinummer: <a href=""http://www.wikidata.org/entity/Q123296225"" target=""_blank"">http://www.wikidata.org/entity/Q123296225</a></li>
  </ul>",,POINT(4.629459 51.891499),http://commons.wikimedia.org/wiki/Special:FilePath/Krimpen%20aan%20de%20Lek%2011%20KRW%20GM%20Rijsdijk%2022%20Woning%2031032020.jpg,,,http://www.wikidata.org/entity/Q123296225,1939,Woonhuis in Krimpen aan de Lek
"<h4>Rijksmonumentnummer: Geen</h4><img src=""http://commons.wikimedia.org/wiki/Special:FilePath/Overzicht%20gevel%20van%20de%20muziekschool%2C%20ontworpen%20door%20G.%20Rietveld%20in%201932%20-%20Zeist%20-%2020428913%20-%20RCE.jpg""; style=""max-width:100px"">
        <ul>
        <li>Verbouwingsjaar: onbekend</li>
<li>Wikinummer: <a href=""http://www.wikidata.org/entity/Q123516273"" target=""_blank"">http://www.wikidata.org/entity/Q123516273</a></li>
  </ul>",,POINT(5.2356 52.0834),http://commons.wikimedia.org/wiki/Special:FilePath/Overzicht%20gevel%20van%20de%20muziekschool%2C%20ontworpen%20door%20G.%20Rietveld%20in%201932%20-%20Zeist%20-%2020428913%20-%20RCE.jpg,,,http://www.wikidata.org/entity/Q123516273,,
"<h4>Rijksmonumentnummer: Geen</h4><img src=""{{image}}""; style=""max-width:100px"">
        <ul>
        <li>Verbouwingsjaar: onbekend</li>
<li>Wikinummer: <a href=""http://www.wikidata.org/entity/Q123516294"" target=""_blank"">http://www.wikidata.org/entity/Q123516294</a></li>
  </ul>",,POINT(4.7744 52.3415),,,,http://www.wikidata.org/entity/Q123516294,,
"<h4>Rijksmonumentnummer: GeenHuis Van Daalen</h4><img src=""http://commons.wikimedia.org/wiki/Special:FilePath/Overzicht%20-%20Bergeijk%20-%2020420423%20-%20RCE.jpg""; style=""max-width:100px"">
        <ul>
        <li>Verbouwingsjaar: onbekend</li>
<li>Wikinummer: <a href=""http://www.wikidata.org/entity/Q124003629"" target=""_blank"">http://www.wikidata.org/entity/Q124003629</a></li>
  </ul>",,,http://commons.wikimedia.org/wiki/Special:FilePath/Overzicht%20-%20Bergeijk%20-%2020420423%20-%20RCE.jpg,,,http://www.wikidata.org/entity/Q124003629,,Huis Van Daalen